Police_Stn,Type,Latitude,Longitude,Time,Year,Month,Date
Kurunduwaththa,Theft,6.9134,79.8736,1600,2017,1,1
Kotahena,Murder,6.9537,79.8605,2000,2017,1,2
Maradana,Assult,6.9254,79.8625,2330,2017,1,2
Pettha,Theft,6.9392,79.8537,1620,2017,1,2
Armour_Street,Robbery,6.9414,79.8577,1700,2017,1,3
Dematagoda,Drugs,6.9301,79.8768,1400,2017,1,3
Bambalapitiya,House Braking,6.8891,79.8554,930,2017,1,5
Kirullapone,Robbery,6.8842,79.8796,1530,2017,1,5
Maradana,Assult,6.93,79.8756,2330,2017,1,5
Maligawatta,Murder,6.9321,79.8709,1245,2017,1,6
Narahenpita,Theft,6.8798,79.8733,1545,2017,1,8
Fort,Theft,6.9345,79.8466,2010,2017,1,9
Armour_Street,Assult,6.9377,79.8672,1800,2017,1,10
Maligawatta,Murder,6.9349,79.8652,1300,2017,1,10
Maligawatta,Assult,6.9411,79.873,2010,2017,1,10
Borella,House Braking,6.9177,79.8733,1045,2017,1,11
Borella,Robbery,6.9128,79.8827,1315,2017,1,11
Grand Pass,Theft,6.9438,79.8736,2130,2017,1,11
Kotahena,House Braking,6.95,79.8681,1645,2017,1,11
Kollupitiya,Robbery,6.9162,79.8508,1500,2017,1,12
Armour_Street,Theft,6.9404,79.8559,1730,2017,1,14
Maligawatta,Murder,6.9374,79.8733,1900,2017,1,14
Maligawatta,Assult,6.9361,79.8707,2045,2017,1,15
Armour_Street,Theft,6.9387,79.8585,1710,2017,1,16
Dematagoda,House Braking,6.9276,79.8769,950,2017,1,16
Maradana,Rape,6.9327,79.868,2100,2017,1,16
Pettha,House Braking,6.9357,79.8494,1430,2017,1,16
Bambalapitiya,House Braking,6.8846,79.8574,1030,2017,1,17
Borella,Theft,6.9207,79.8816,2230,2017,1,17
Dematagoda,House Braking,6.9323,79.8771,1800,2017,1,17
Grand Pass,House Braking,6.9481,79.8744,1830,2017,1,17
Kirullapone,House Braking,6.8859,79.8795,1700,2017,1,17
Modara,Theft,6.9739,79.8769,1815,2017,1,17
Narahenpita,Robbery,6.8892,79.8695,1530,2017,1,17
Borella,House Braking,6.9177,79.8823,1600,2017,1,18
Maligawatta,Murder,6.9373,79.8709,2100,2017,1,18
Wellawatta,House Braking,6.8734,79.8656,1730,2017,1,18
Borella,House Braking,6.9218,79.8835,1800,2017,1,19
Borella,Theft,6.9236,79.8851,2210,2017,1,19
Grand Pass,Robbery,6.9593,79.8686,1600,2017,1,19
Kurunduwaththa,Robbery,6.9018,79.867,1325,2017,1,19
Narahenpita,Robbery,6.8832,79.8722,1530,2017,1,19
Armour_Street,Murder,6.9381,79.8635,1345,2017,1,20
Grand Pass,Theft,6.951,79.8723,1820,2017,1,20
Wellawatta,House Braking,6.8748,79.8718,1700,2017,1,20
Armour_Street,Drugs,6.9404,79.8573,730,2017,1,21
Narahenpita,Robbery,6.8948,79.8776,1630,2017,1,21
Wellawatta,Theft,6.8781,79.8678,1645,2017,1,21
Armour_Street,Theft,6.9377,79.8616,1600,2017,1,22
Borella,Robbery,6.9141,79.8837,1200,2017,1,22
Armour_Street,House Braking,6.9401,79.8619,1545,2017,1,23
Grand Pass,Robbery,6.9449,79.8664,1530,2017,1,23
Modara,Robbery,6.9769,79.8794,1215,2017,1,23
Armour_Street,Robbery,6.9366,79.8584,1750,2017,1,24
Armour_Street,Drugs,6.9405,79.8605,1445,2017,1,24
Bambalapitiya,House Braking,6.8822,79.8603,1700,2017,1,24
Kirullapone,House Braking,6.8789,79.8798,1300,2017,1,24
Kirullapone,House Braking,6.8774,79.8778,930,2017,1,24
Kollupitiya,Drugs,6.9082,79.8546,1500,2017,1,24
Maradana,Robbery,6.9246,79.8735,1710,2017,1,24
Grand Pass,Assult,6.9624,79.8736,2030,2017,1,25
Kirullapone,House Braking,6.8834,79.8805,1030,2017,1,25
Modara,Robbery,6.9712,79.8814,1230,2017,1,25
Maradana,Robbery,6.9241,79.8697,1530,2017,1,26
Modara,House Braking,6.9772,79.883,1115,2017,1,26
Grand Pass,Theft,6.9593,79.8745,1630,2017,1,27
Modara,Robbery,6.973,79.87,1640,2017,1,27
Maradana,Robbery,6.9197,79.863,1420,2017,1,28
Kirullapone,Theft,6.877,79.8755,1715,2017,1,29
Armour_Street,Theft,6.9346,79.861,1800,2017,1,30
Dematagoda,Rape,6.9316,79.8799,1900,2017,1,30
Grand Pass,Murder,6.9405,79.8701,2030,2017,1,30
Kirullapone,Robbery,6.8806,79.8824,1830,2017,1,30
Maradana,Robbery,6.9308,79.8551,1610,2017,1,30
Modara,Robbery,6.9665,79.8778,1810,2017,1,30
Dematagoda,Theft,6.9307,79.8799,1945,2017,1,31
Grand Pass,Murder,6.9494,79.8738,1845,2017,1,31
Wellawatta,Drugs,6.8834,79.869,1515,2017,1,31
Armour_Street,House Braking,6.9359,79.8562,1130,2017,2,1
Kirullapone,Robbery,6.8753,79.8856,2000,2017,2,1
Modara,Assult,6.974,79.8755,2300,2017,2,1
Dematagoda,Theft,6.9374,79.8812,1530,2017,2,2
Narahenpita,House Braking,6.8917,79.872,945,2017,2,2
Borella,Robbery,6.9094,79.8859,1420,2017,2,3
Modara,Murder,6.9714,79.8699,1930,2017,2,3
Modara,Drugs,6.9625,79.8682,1345,2017,2,3
Fort,Drugs,6.9357,79.8466,1845,2017,2,4
Kotahena,Murder,6.9429,79.8551,1945,2017,2,4
Maligawatta,Theft,6.9391,79.8743,1945,2017,2,4
Slave Island,Theft,6.927,79.8545,1500,2017,2,4
Kotahena,Drugs,6.9436,79.8606,1225,2017,2,5
Maligawatta,Theft,6.9408,79.8776,2030,2017,2,5
Narahenpita,Drugs,6.8858,79.8715,1345,2017,2,5
Maradana,Theft,6.9275,79.8704,2150,2017,2,6
Slave Island,Theft,6.9262,79.851,1800,2017,2,6
Armour_Street,Robbery,6.9419,79.8622,1330,2017,2,7
Fort,Theft,6.9348,79.8443,1910,2017,2,7
Kirullapone,Robbery,6.8843,79.8823,1530,2017,2,7
Maligawatta,Assult,6.9407,79.8742,2050,2017,2,7
Narahenpita,Theft,6.8866,79.8612,1615,2017,2,7
Pettha,Drugs,6.9338,79.8543,1500,2017,2,7
Wellawatta,House Braking,6.8632,79.8617,1615,2017,2,7
Borella,House Braking,6.9101,79.8869,1130,2017,2,8
Borella,House Braking,6.9124,79.888,1630,2017,2,8
Maradana,Theft,6.9297,79.864,2330,2017,2,8
Bambalapitiya,Robbery,6.8918,79.8579,1730,2017,2,9
Dematagoda,House Braking,6.9306,79.8712,1700,2017,2,9
Maradana,Theft,6.9267,79.867,2150,2017,2,9
Modara,Murder,6.9708,79.8754,2130,2017,2,9
Narahenpita,House Braking,6.8849,79.8666,1530,2017,2,9
Armour_Street,Theft,6.9427,79.8638,1925,2017,2,10
Bambalapitiya,Robbery,6.8834,79.8608,1600,2017,2,10
Kollupitiya,Theft,6.9174,79.8486,1945,2017,2,10
Modara,Assult,6.9755,79.8715,2045,2017,2,10
Pettha,Robbery,6.9407,79.8536,1910,2017,2,10
Wellawatta,Drugs,6.8788,79.8586,1345,2017,2,10
Kollupitiya,Robbery,6.8954,79.8532,1325,2017,2,11
Armour_Street,Theft,6.9385,79.8562,1810,2017,2,12
Borella,Drugs,6.9188,79.8741,1400,2017,2,12
Kollupitiya,Theft,6.9125,79.85,1925,2017,2,12
Modara,Theft,6.9774,79.8745,1500,2017,2,12
Pettha,Robbery,6.9374,79.8531,1730,2017,2,12
Wellawatta,Theft,6.8779,79.8725,2100,2017,2,12
Grand Pass,Theft,6.9462,79.8743,2030,2017,2,13
Maligawatta,Assult,6.9349,79.8727,2050,2017,2,13
Grand Pass,House Braking,6.9433,79.877,1000,2017,2,14
Kollupitiya,Theft,6.9063,79.8553,1625,2017,2,14
Kotahena,Assult,6.9545,79.863,1830,2017,2,14
Pettha,Robbery,6.9369,79.8545,1645,2017,2,14
Bambalapitiya,House Braking,6.8943,79.8558,1200,2017,2,15
Borella,House Braking,6.9163,79.8771,1530,2017,2,15
Borella,Theft,6.9057,79.8788,2110,2017,2,15
Borella,Assult,6.9152,79.8849,2015,2017,2,15
Kirullapone,House Braking,6.8729,79.8747,1715,2017,2,15
Kollupitiya,House Braking,6.9026,79.8515,1145,2017,2,15
Borella,Robbery,6.92,79.8859,1800,2017,2,16
Narahenpita,House Braking,6.8967,79.8719,1830,2017,2,16
Pettha,Robbery,6.9381,79.8524,1430,2017,2,16
Wellawatta,House Braking,6.8695,79.8593,1830,2017,2,16
Kotahena,Robbery,6.9423,79.8567,1615,2017,2,17
Bambalapitiya,Drugs,6.8818,79.8594,1345,2017,2,18
Grand Pass,Theft,6.9497,79.8708,2015,2017,2,18
Maligawatta,Drugs,6.9347,79.8716,1415,2017,2,18
Modara,Theft,6.971,79.8724,1915,2017,2,18
Narahenpita,Robbery,6.8863,79.8764,1450,2017,2,18
Wellawatta,Theft,6.8644,79.8615,2130,2017,2,18
Kotahena,Murder,6.9569,79.8651,2210,2017,2,19
Pettha,Theft,6.9348,79.8496,2030,2017,2,19
Borella,Rape,6.924,79.883,2000,2017,2,20
Dematagoda,House Braking,6.934,79.8795,1030,2017,2,20
Grand Pass,Drugs,6.9473,79.8769,1415,2017,2,20
Maligawatta,Drugs,6.9365,79.8716,730,2017,2,20
Modara,Assult,6.9632,79.8763,1930,2017,2,20
Slave Island,House Braking,6.9207,79.8498,1245,2017,2,20
Armour_Street,Robbery,6.9348,79.8574,1600,2017,2,21
Borella,Theft,6.9253,79.8832,2350,2017,2,21
Grand Pass,House Braking,6.9501,79.8747,1820,2017,2,21
Grand Pass,Robbery,6.9495,79.8732,1325,2017,2,21
Kirullapone,House Braking,6.8814,79.8832,1350,2017,2,21
Kotahena,House Braking,6.947,79.86,1845,2017,2,21
Wellawatta,House Braking,6.8788,79.8649,730,2017,2,21
Borella,Robbery,6.9196,79.8822,1500,2017,2,22
Kollupitiya,House Braking,6.9063,79.8577,1245,2017,2,22
Maligawatta,Murder,6.9367,79.8686,2130,2017,2,22
Pettha,House Braking,6.9353,79.8504,1430,2017,2,22
Pettha,House Braking,6.9352,79.8523,1330,2017,2,22
Grand Pass,Assult,6.9621,79.8712,1945,2017,2,23
Kirullapone,House Braking,6.8834,79.8779,1800,2017,2,23
Kotahena,House Braking,6.9471,79.8634,1815,2017,2,23
Grand Pass,Assult,6.9612,79.8757,2145,2017,2,24
Armour_Street,Murder,6.9409,79.8636,2030,2017,2,25
Grand Pass,Robbery,6.9421,79.8682,1700,2017,2,25
Grand Pass,Theft,6.9555,79.8759,1420,2017,2,25
Kotahena,Theft,6.9502,79.8596,1910,2017,2,25
Modara,House Braking,6.9787,79.8736,1000,2017,2,25
Modara,House Braking,6.972,79.8772,1430,2017,2,25
Wellawatta,Theft,6.8736,79.8686,1625,2017,2,25
Armour_Street,Theft,6.9381,79.857,1830,2017,2,26
Modara,Rape,6.9714,79.8788,2230,2017,2,26
Modara,Murder,6.9759,79.8771,1945,2017,2,26
Armour_Street,Drugs,6.9369,79.8596,1530,2017,2,27
Kirullapone,House Braking,6.8808,79.8769,1015,2017,2,27
Modara,House Braking,6.9791,79.8768,315,2017,2,27
Modara,House Braking,6.9699,79.8817,1130,2017,2,27
Armour_Street,Theft,6.9333,79.8578,1915,2017,2,28
Bambalapitiya,House Braking,6.8949,79.8583,1430,2017,2,28
Grand Pass,Murder,6.9469,79.8741,1900,2017,2,28
Grand Pass,Murder,6.9573,79.8743,2230,2017,2,28
Kotahena,Theft,6.9445,79.8565,2130,2017,2,28
Maradana,Robbery,6.9264,79.8594,1530,2017,2,27
Fort,Drugs,6.9339,79.8444,1700,2017,3,1
Grand Pass,Murder,6.9504,79.8727,2145,2017,3,1
Modara,Drugs,6.9619,79.8636,1300,2017,3,2
Narahenpita,Theft,6.8898,79.8651,1950,2017,3,2
Kirullapone,Robbery,6.8743,79.8804,1815,2017,3,3
Maligawatta,Theft,6.9369,79.8711,2115,2017,3,3
Dematagoda,Theft,6.9288,79.8839,1645,2017,3,4
Kirullapone,Robbery,6.8879,79.8778,1700,2017,3,4
Slave Island,Robbery,6.9288,79.8514,1515,2017,3,4
Dematagoda,Theft,6.9294,79.8792,1815,2017,3,5
Armour_Street,Theft,6.9389,79.8611,2100,2017,3,6
Pettha,Theft,6.9358,79.853,1710,2017,3,6
Pettha,Rape,6.9389,79.8517,2045,2017,3,6
Pettha,Drugs,6.9367,79.8511,1400,2017,3,6
Slave Island,Robbery,6.9191,79.8502,1420,2017,3,6
Kirullapone,House Braking,6.8759,79.883,1430,2017,3,7
Armour_Street,Theft,6.9422,79.8598,1600,2017,3,8
Bambalapitiya,Robbery,6.8819,79.8564,1650,2017,3,8
Kurunduwaththa,House Braking,6.9108,79.8732,1950,2017,3,8
Maligawatta,Murder,6.9341,79.873,1750,2017,3,8
Slave Island,Robbery,6.9225,79.8501,1630,2017,3,8
Slave Island,Theft,6.9256,79.8541,1715,2017,3,8
Wellawatta,House Braking,6.8665,79.8598,1500,2017,3,8
Armour_Street,Robbery,6.941,79.8594,1400,2017,3,9
Borella,House Braking,6.9195,79.8692,1750,2017,3,9
Maligawatta,Assult,6.9395,79.8712,2000,2017,3,9
Armour_Street,House Braking,6.9375,79.8582,800,2017,3,10
Dematagoda,House Braking,6.9286,79.8681,550,2017,3,10
Modara,Theft,6.9757,79.8748,1600,2017,3,11
Borella,Theft,6.9194,79.8749,2015,2017,3,13
Dematagoda,House Braking,6.929,79.8809,1130,2017,3,13
Kotahena,Robbery,6.9445,79.8607,1545,2017,3,14
Narahenpita,House Braking,6.8986,79.8661,1330,2017,3,14
Wellawatta,Theft,6.878,79.858,1800,2017,3,14
Bambalapitiya,Murder,6.8929,79.857,2000,2017,3,15
Bambalapitiya,Drugs,6.893,79.8582,1430,2017,3,15
Grand Pass,House Braking,6.9449,79.8775,1130,2017,3,15
Grand Pass,Theft,6.9478,79.8773,2035,2017,3,15
Kirullapone,House Braking,6.8732,79.8868,1550,2017,3,15
Maradana,Theft,6.9329,79.8667,2215,2017,3,15
Pettha,Robbery,6.9345,79.8505,1730,2017,3,15
Pettha,Murder,6.9373,79.8537,1200,2017,3,15
Slave Island,House Braking,6.9231,79.8539,1430,2017,3,15
Borella,House Braking,6.9156,79.8869,730,2017,3,16
Borella,House Braking,6.9215,79.8854,930,2017,3,16
Kollupitiya,Theft,6.8985,79.8532,1600,2017,3,16
Kotahena,House Braking,6.9556,79.8656,1800,2017,3,16
Narahenpita,House Braking,6.8934,79.8729,1630,2017,3,16
Bambalapitiya,House Braking,6.8807,79.857,1300,2017,3,17
Kirullapone,House Braking,6.8723,79.8824,1600,2017,3,17
Kotahena,Assult,6.9528,79.8624,1850,2017,3,17
Narahenpita,House Braking,6.896,79.8659,1545,2017,3,17
Borella,Robbery,6.9184,79.872,1945,2017,3,18
Kotahena,Theft,6.9434,79.8629,1400,2017,3,18
Kurunduwaththa,Robbery,6.9081,79.8595,1425,2017,3,18
Borella,Robbery,6.9033,79.8784,2000,2017,3,19
Wellawatta,Theft,6.8683,79.862,2250,2017,3,19
Kotahena,Theft,6.9435,79.8576,1430,2017,3,20
Narahenpita,Robbery,6.8918,79.8796,1415,2017,3,20
Wellawatta,Drugs,6.8816,79.8652,1515,2017,3,20
Dematagoda,Robbery,6.9314,79.8728,1015,2017,3,21
Maligawatta,Robbery,6.9358,79.8737,1310,2017,3,21
Modara,House Braking,6.9644,79.8772,1730,2017,3,21
Pettha,Murder,6.9394,79.8531,2000,2017,3,21
Dematagoda,House Braking,6.9317,79.8816,430,2017,3,22
Grand Pass,Robbery,6.9485,79.8701,1415,2017,3,22
Grand Pass,Theft,6.9557,79.877,1620,2017,3,22
Grand Pass,Assult,6.9572,79.8686,1850,2017,3,22
Kotahena,House Braking,6.9528,79.861,1930,2017,3,22
Armour_Street,Robbery,6.9397,79.8601,1930,2017,3,23
Borella,Theft,6.9203,79.8756,2200,2017,3,23
Grand Pass,Theft,6.9551,79.8725,1310,2017,3,23
Kollupitiya,House Braking,6.9,79.8586,1130,2017,3,23
Armour_Street,Theft,6.9361,79.8648,1745,2017,3,24
Maligawatta,Murder,6.9429,79.8741,2245,2017,3,24
Maradana,Drugs,6.9218,79.8766,1500,2017,3,24
Modara,House Braking,6.9688,79.8718,1615,2017,3,24
Bambalapitiya,Robbery,6.8842,79.8592,2000,2017,3,25
Dematagoda,Rape,6.932,79.8738,2100,2017,3,25
Maligawatta,Drugs,6.9388,79.8719,1345,2017,3,25
Grand Pass,Assult,6.9532,79.8741,2200,2017,3,26
Kotahena,Theft,6.9473,79.8588,2115,2017,3,27
Maradana,Robbery,6.918,79.8684,1610,2017,3,27
Pettha,Murder,6.9366,79.8492,2030,2017,3,27
Grand Pass,Robbery,6.944,79.8744,1300,2017,3,28
Kollupitiya,Drugs,6.9044,79.8508,1445,2017,3,28
Slave Island,House Braking,6.9194,79.852,1230,2017,3,28
Kotahena,Theft,6.9538,79.8649,2350,2017,3,29
Armour_Street,Drugs,6.9366,79.8571,1400,2017,3,30
Dematagoda,Assult,6.9274,79.8812,1800,2017,3,30
Kirullapone,Theft,6.8713,79.8783,1615,2017,3,30
Slave Island,Assult,6.9193,79.8585,2010,2017,3,30
Grand Pass,Murder,6.9586,79.8706,2200,2017,3,31
Dematagoda,Murder,6.9303,79.8813,1400,2017,4,1
Modara,Theft,6.9648,79.8712,1800,2017,4,1
Bambalapitiya,Theft,6.8922,79.8545,1815,2017,4,2
Kirullapone,Robbery,6.8755,79.8761,2115,2017,4,2
Wellawatta,Robbery,6.884,79.8702,1630,2017,4,2
Dematagoda,Theft,6.9318,79.8789,1630,2017,4,3
Maradana,Assult,6.9313,79.8597,2010,2017,4,3
Slave Island,Theft,6.9302,79.8485,1945,2017,4,3
Bambalapitiya,Theft,6.8957,79.8575,2135,2017,4,4
Narahenpita,Drugs,6.8895,79.8676,1430,2017,4,4
Bambalapitiya,Robbery,6.8939,79.8541,1800,2017,4,6
Borella,House Braking,6.915,79.8827,1150,2017,4,6
Dematagoda,Theft,6.925,79.88,1830,2017,4,6
Kirullapone,Robbery,6.8811,79.8789,1645,2017,4,6
Maligawatta,Drugs,6.9415,79.8715,1350,2017,4,6
Wellawatta,House Braking,6.8674,79.8635,900,2017,4,6
Slave Island,Robbery,6.9216,79.8542,1530,2017,4,7
Grand Pass,Drugs,6.9592,79.8713,1300,2017,4,8
Borella,Rape,6.9205,79.883,2015,2017,4,10
Maradana,Theft,6.9263,79.8626,2210,2017,4,10
Borella,Theft,6.9124,79.8786,1810,2017,4,11
Dematagoda,Robbery,6.9324,79.8759,1800,2017,4,11
Kollupitiya,Theft,6.9144,79.8547,1850,2017,4,11
Wellawatta,Robbery,6.8776,79.8703,1800,2017,4,11
Grand Pass,Theft,6.9454,79.8714,2010,2017,4,12
Maligawatta,Murder,6.9379,79.8698,1950,2017,4,12
Pettha,Theft,6.9352,79.8544,1900,2017,4,12
Pettha,Theft,6.9367,79.8525,1950,2017,4,12
Narahenpita,House Braking,6.891,79.8834,930,2017,4,13
Pettha,Robbery,6.9389,79.8529,1650,2017,4,13
Pettha,Theft,6.9362,79.8543,1850,2017,4,13
Pettha,Theft,6.935,79.8555,1920,2017,4,13
Pettha,Theft,6.936,79.8503,1800,2017,4,13
Pettha,Theft,6.9386,79.8522,1945,2017,4,13
Maligawatta,Assult,6.9363,79.8675,2150,2017,4,14
Modara,Theft,6.9691,79.8698,2315,2017,4,14
Armour_Street,Robbery,6.9375,79.8556,1545,2017,4,15
Dematagoda,Robbery,6.9297,79.8728,1530,2017,4,15
Kotahena,Robbery,6.9513,79.8666,1630,2017,4,15
Wellawatta,Theft,6.8791,79.8704,1915,2017,4,15
Kotahena,Robbery,6.9565,79.8631,1830,2017,4,16
Kotahena,Assult,6.9448,79.8621,1945,2017,4,16
Dematagoda,House Braking,6.9243,79.877,830,2017,4,17
Kollupitiya,Theft,6.9235,79.8465,1625,2017,4,17
Modara,House Braking,6.9577,79.8588,315,2017,4,17
Grand Pass,House Braking,6.9606,79.8766,1600,2017,4,18
Pettha,Murder,6.9375,79.8522,1315,2017,4,18
Slave Island,House Braking,6.9235,79.8501,1615,2017,4,18
Dematagoda,House Braking,6.9252,79.8818,830,2017,4,19
Armour_Street,Robbery,6.9398,79.8633,1630,2017,4,20
Grand Pass,Robbery,6.9521,79.8717,1715,2017,4,20
Grand Pass,Assult,6.9526,79.871,1230,2017,4,20
Grand Pass,Theft,6.9533,79.8756,1710,2017,4,21
Kotahena,House Braking,6.9452,79.8578,1630,2017,4,21
Dematagoda,Robbery,6.9301,79.8694,1510,2017,4,22
Modara,Robbery,6.9774,79.878,1325,2017,4,22
Maligawatta,Robbery,6.942,79.8741,1520,2017,4,23
Bambalapitiya,Robbery,6.8908,79.8543,1945,2017,4,24
Modara,House Braking,6.9663,79.866,1600,2017,4,24
Pettha,House Braking,6.9366,79.8532,1545,2017,4,24
Wellawatta,House Braking,6.8753,79.8668,800,2017,4,24
Dematagoda,Theft,6.9315,79.8749,1910,2017,4,25
Kotahena,House Braking,6.9415,79.8551,1430,2017,4,25
Maradana,House Braking,6.9286,79.8736,830,2017,4,25
Maradana,Robbery,6.9211,79.8669,1610,2017,4,25
Slave Island,House Braking,6.9213,79.8518,1030,2017,4,25
Slave Island,Assult,6.9209,79.851,1845,2017,4,25
Grand Pass,Theft,6.9587,79.8773,1530,2017,4,26
Kotahena,Theft,6.9483,79.8638,2030,2017,4,26
Grand Pass,Robbery,6.9445,79.8714,1925,2017,4,27
Maligawatta,Rape,6.9342,79.8712,1900,2017,4,27
Maradana,House Braking,6.9239,79.8655,250,2017,4,27
Maradana,House Braking,6.9265,79.874,115,2017,4,28
Modara,Murder,6.9737,79.8792,1830,2017,4,28
Fort,Assult,6.9339,79.8433,1945,2017,4,29
Armour_Street,Murder,6.9399,79.8611,1215,2017,4,30
Grand Pass,Murder,6.9599,79.8734,2100,2017,4,30
Wellawatta,Drugs,6.8802,79.8683,1245,2017,4,30
Bambalapitiya,Theft,6.8881,79.8551,2210,2017,5,1
Dematagoda,Theft,6.9353,79.8811,1650,2017,5,1
Grand Pass,Murder,6.9444,79.8691,2145,2017,5,1
Maradana,Drugs,6.9219,79.8678,1500,2017,5,1
Wellawatta,Robbery,6.8807,79.8658,1545,2017,5,1
Maligawatta,Theft,6.9365,79.8725,2020,2017,5,2
Bambalapitiya,Theft,6.8852,79.8561,1900,2017,5,3
Narahenpita,Theft,6.8911,79.8619,2010,2017,5,3
Pettha,Theft,6.9376,79.8503,1750,2017,5,4
Modara,Assult,6.975,79.8808,2145,2017,5,5
Pettha,Theft,6.9362,79.8512,2015,2017,5,5
Slave Island,Robbery,6.9288,79.8477,1300,2017,5,5
Slave Island,Theft,6.925,79.8475,1645,2017,5,5
Modara,Murder,6.9673,79.8795,2000,2017,5,6
Fort,Theft,6.9355,79.8462,1945,2017,5,8
Kollupitiya,Robbery,6.91,79.8558,1730,2017,5,8
Maradana,Assult,6.9274,79.8738,2130,2017,5,8
Borella,Theft,6.9159,79.8808,1915,2017,5,9
Borella,Drugs,6.9204,79.8767,745,2017,5,9
Modara,Theft,6.9768,79.8744,1750,2017,5,9
Wellawatta,Drugs,6.8796,79.8622,1415,2017,5,9
Borella,Murder,6.9182,79.8811,2100,2017,5,10
Kotahena,Drugs,6.9461,79.8649,1400,2017,5,10
Dematagoda,House Braking,6.9419,79.8793,1600,2017,5,11
Pettha,Robbery,6.94,79.8539,1830,2017,5,11
Slave Island,House Braking,6.9221,79.8532,1630,2017,5,11
Dematagoda,Robbery,6.93,79.8815,1625,2017,5,12
Grand Pass,Drugs,6.9621,79.8716,1420,2017,5,12
Maligawatta,Assult,6.9369,79.874,1900,2017,5,12
Maligawatta,Drugs,6.9328,79.8716,1330,2017,5,12
Dematagoda,Robbery,6.9308,79.8788,1945,2017,5,13
Kotahena,Robbery,6.9493,79.8637,1600,2017,5,13
Armour_Street,Robbery,6.9396,79.8552,1615,2017,5,14
Dematagoda,Robbery,6.9263,79.8813,1500,2017,5,14
Grand Pass,Theft,6.9452,79.8761,2150,2017,5,14
Grand Pass,Rape,6.9614,79.8692,2025,2017,5,15
Kollupitiya,Theft,6.9007,79.8565,1515,2017,5,15
Maligawatta,Murder,6.9403,79.876,2015,2017,5,16
Modara,Theft,6.9667,79.8706,2300,2017,5,16
Wellawatta,Theft,6.88,79.8631,1500,2017,5,16
Wellawatta,Theft,6.8734,79.859,2015,2017,5,16
Grand Pass,House Braking,6.9541,79.872,1900,2017,5,17
Kollupitiya,House Braking,6.912,79.8486,1445,2017,5,17
Kotahena,Rape,6.9447,79.8593,2315,2017,5,17
Wellawatta,House Braking,6.8759,79.8603,1030,2017,5,17
Grand Pass,Robbery,6.9628,79.8718,1925,2017,5,18
Narahenpita,House Braking,6.8972,79.881,900,2017,5,18
Grand Pass,Theft,6.9506,79.871,1910,2017,5,19
Kollupitiya,House Braking,6.9078,79.8521,1350,2017,5,19
Kotahena,Theft,6.9427,79.8612,1530,2017,5,19
Kotahena,Assult,6.948,79.8658,1900,2017,5,19
Kurunduwaththa,House Braking,6.8972,79.8693,800,2017,5,19
Modara,Theft,6.968,79.8747,2110,2017,5,19
Armour_Street,Theft,6.9414,79.8609,1615,2017,5,20
Kurunduwaththa,Robbery,6.9158,79.8684,1215,2017,5,20
Bambalapitiya,Robbery,6.8964,79.8591,1645,2017,5,21
Kirullapone,Assult,6.8753,79.8782,1600,2017,5,21
Armour_Street,Robbery,6.9375,79.8604,1550,2017,5,22
Kirullapone,House Braking,6.8703,79.8812,815,2017,5,22
Kotahena,Theft,6.9521,79.8642,1945,2017,5,23
Maradana,House Braking,6.9319,79.8674,900,2017,5,23
Grand Pass,Theft,6.9571,79.8771,1510,2017,5,24
Kotahena,Theft,6.9518,79.8604,1715,2017,5,24
Modara,Robbery,6.9744,79.8824,1545,2017,5,24
Pettha,Murder,6.9386,79.8547,2145,2017,5,24
Bambalapitiya,Robbery,6.8864,79.8559,930,2017,5,25
Dematagoda,Assult,6.9268,79.8769,2000,2017,5,25
Grand Pass,House Braking,6.962,79.8703,1530,2017,5,25
Kollupitiya,House Braking,6.9033,79.857,1215,2017,5,25
Grand Pass,Robbery,6.943,79.8698,1815,2017,5,26
Dematagoda,Theft,6.9312,79.8768,1825,2017,5,27
Grand Pass,Assult,6.9599,79.8715,1945,2017,5,28
Maligawatta,House Braking,6.9335,79.8729,830,2017,5,30
Slave Island,House Braking,6.9202,79.8525,1115,2017,5,30
Grand Pass,Murder,6.9442,79.8706,2000,2017,5,31
Kirullapone,Robbery,6.8743,79.8833,1915,2017,5,31
Maradana,House Braking,6.9232,79.8724,30,2017,5,31
Maradana,Robbery,6.9313,79.8605,1745,2017,5,31
Bambalapitiya,Rape,6.89,79.8547,1945,2017,6,1
Grand Pass,Murder,6.9478,79.8768,2130,2017,6,1
Slave Island,House Braking,6.9221,79.8506,1500,2017,6,1
Wellawatta,Robbery,6.8765,79.8707,1200,2017,6,3
Bambalapitiya,Theft,6.8851,79.8598,1745,2017,6,5
Dematagoda,Murder,6.932,79.8755,1145,2017,6,5
Grand Pass,Rape,6.9566,79.8713,2230,2017,6,5
Pettha,Theft,6.9381,79.851,1650,2017,6,5
Borella,Drugs,6.9162,79.8756,1350,2017,6,6
Maradana,Assult,6.926,79.8681,2210,2017,6,6
Pettha,Theft,6.9355,79.8513,1810,2017,6,6
Bambalapitiya,Theft,6.8829,79.8583,1615,2017,6,7
Maradana,Theft,6.9252,79.8664,2215,2017,6,7
Pettha,Theft,6.9372,79.8513,2000,2017,6,7
Slave Island,Drugs,6.9159,79.8584,1600,2017,6,8
Kollupitiya,Robbery,6.9088,79.8497,1625,2017,6,9
Pettha,Robbery,6.9385,79.8536,1515,2017,6,9
Grand Pass,Theft,6.9436,79.875,2125,2017,6,10
Kollupitiya,Robbery,6.8978,79.8552,930,2017,6,10
Maligawatta,Assult,6.9337,79.8715,2030,2017,6,11
Narahenpita,Murder,6.8831,79.8635,1200,2017,6,12
Wellawatta,House Braking,6.8784,79.8613,915,2017,6,12
Kollupitiya,Theft,6.9102,79.8529,1930,2017,6,13
Modara,Theft,6.976,79.881,1715,2017,6,13
Pettha,House Braking,6.9367,79.8518,1600,2017,6,13
Dematagoda,Robbery,6.928,79.8789,1645,2017,6,15
Fort,House Braking,6.931,79.8463,900,2017,6,15
Grand Pass,House Braking,6.9551,79.8745,2030,2017,6,15
Kurunduwaththa,Drugs,6.9058,79.8638,1330,2017,6,15
Modara,Assult,6.9662,79.8696,1950,2017,6,15
Wellawatta,Theft,6.8763,79.8695,1615,2017,6,15
Fort,Robbery,6.9329,79.8469,1500,2017,6,16
Grand Pass,Theft,6.9489,79.8746,2015,2017,6,16
Grand Pass,Drugs,6.9475,79.8727,1345,2017,6,16
Kotahena,House Braking,6.9536,79.866,1600,2017,6,16
Fort,Robbery,6.9321,79.8459,1700,2017,6,17
Grand Pass,Theft,6.9492,79.8715,2220,2017,6,17
Armour_Street,Theft,6.9402,79.8582,1645,2017,6,18
Kollupitiya,Assult,6.8983,79.8585,1500,2017,6,18
Armour_Street,Assult,6.9405,79.8668,1915,2017,6,20
Maligawatta,Murder,6.9369,79.8745,2030,2017,6,20
Kotahena,Theft,6.9498,79.8616,1820,2017,6,21
Kotahena,Theft,6.9544,79.8619,1930,2017,6,22
Maligawatta,Robbery,6.9386,79.8706,1325,2017,6,22
Wellawatta,Robbery,6.8693,79.8645,1915,2017,6,22
Armour_Street,Robbery,6.9386,79.8656,1000,2017,6,23
Grand Pass,Robbery,6.9389,79.8691,1625,2017,6,24
Modara,Robbery,6.9717,79.8741,1550,2017,6,26
Grand Pass,Assult,6.9597,79.8741,2015,2017,6,27
Armour_Street,Robbery,6.9392,79.8573,1230,2017,6,28
Kirullapone,Theft,6.8824,79.8798,2000,2017,6,28
Modara,House Braking,6.9763,79.8787,930,2017,6,28
Modara,Robbery,6.9739,79.8741,1930,2017,6,28
Dematagoda,Theft,6.9295,79.8776,1915,2017,6,29
Kirullapone,Robbery,6.8803,79.8798,1515,2017,6,29
Maligawatta,House Braking,6.9358,79.8671,1030,2017,6,29
Modara,Robbery,6.9697,79.8773,1830,2017,6,29
Maligawatta,House Braking,6.9357,79.8713,915,2017,6,30
Maligawatta,Drugs,6.9422,79.8754,1415,2017,6,30
Maradana,Drugs,6.9201,79.8629,1315,2017,6,30
Slave Island,Murder,6.923,79.8513,2200,2017,6,30
